{
  "ticket_type": "billing_and_subscription",
  "priority": "high",
  "category": "premium_activation",
  "issue_summary": "Premium plan not showing after payment",
  "account_info": {
    "team_name": "growth-rubi-agency",
    "current_plan": "hobby",
    "expected_plan": "premium",
    "project_name": "v0-rubiagency-lancamento"
  },
  "business_impact": {
    "severity": "high",
    "reason": "production_deployment_blocked",
    "deadline": "24_hours",
    "revenue_impact": true
  },
  "troubleshooting_completed": [
    "checked_all_teams",
    "verified_billing_settings",
    "cleared_browser_cache",
    "re_authenticated",
    "verified_payment_method"
  ],
  "requested_actions": [
    "verify_payment_status",
    "activate_premium_plan",
    "provide_deployment_guidance",
    "confirm_team_access"
  ],
  "contact_preferences": {
    "method": "email",
    "urgency": "immediate",
    "availability": "business_hours_extended"
  }
}
