{
  "name": "rubiagency",
  "version": 2,
  "framework": "nextjs",
  "buildCommand": "pnpm run build",
  "installCommand": "pnpm install",
  "outputDirectory": ".next",
  "devCommand": "pnpm dev",
  "regions": ["iad1"],
  "functions": {
    "app/api/**/*.ts": {
      "maxDuration": 60,
      "memory": 1024
    }
  },
  "build": {
    "env": {
      "NODE_ENV": "production",
      "NEXT_TELEMETRY_DISABLED": "1"
    }
  },
  "headers": [
    {
      "source": "/(.*)",
      "headers": [
        {
          "key": "X-Content-Type-Options",
          "value": "nosniff"
        },
        {
          "key": "X-Frame-Options",
          "value": "DENY"
        },
        {
          "key": "X-XSS-Protection",
          "value": "1; mode=block"
        },
        {
          "key": "Referrer-Policy",
          "value": "origin-when-cross-origin"
        }
      ]
    }
  ],
  "rewrites": [
    {
      "source": "/admin/:path*",
      "destination": "/admin/:path*"
    }
  ]
}
